Site Code,Site Name,Site Responsible,Site Latitude,Site Longitude,IGBP Cde
AE-ADb,Abu Dhabi Eastern Mangroves,Annalisa Molini,24.450883,54.428792,WET
AT-Fue,Fuegen,Georg Wohlfahrt,47.367374,11.854709,GRA
AT-Hnb,Höllengebirge,Bradley Matthews,47.803333,13.591389,BSV
AT-Inn,Innsbruck,Thomas Karl,47.264096,11.385816,URB
AT-Lan,Laengenfeld,Georg Wohlfahrt,47.061221,10.963454,GRA
AT-Leu,Leutasch,Georg Wohlfahrt,47.378036,11.16278,GRA
AT-Mmg,Mieming,Georg Wohlfahrt,47.316564,10.970089,ENF
AT-Neu,Neustift,Georg Wohlfahrt,47.1166687,11.31750011,GRA
AT-Rtz,Rotholz,Georg Wohlfahrt,47.39472222,11.80472222,GRA
AT-Sch,Scharnitz,Georg Wohlfahrt,47.387291,11.247935,GRA
AT-StA,Stubai Abandoned,Michael Bahn,47.12528,11.28944,GRA
AT-StM,Stubai Meadow,Michael Bahn,47.12889,11.30583,GRA
AT-StP,Stubai Pasture,Michael Bahn,47.13694,11.30361,GRA
AT-VnA,Vienna_Arsenal,Bradley Matthews,48.18183766,16.39085089,URB
BE-Bra,Brasschaat,Ivan Janssens| EFDC Staff,51.30761,4.51984,MF
BE-Dor,Dorinne,Bernard Heinesch,50.311928,4.968011,GRA
BE-Jal,La Robinette (Jalhay),Monique Carnol,50.56388889,6.073333333,MF
BE-Lcr,Lochristi,Reinhart Ceulemans| Tim De Meulder,51.11218,3.85043,DBF
BE-Lon,Lonzee,Bernard Heinesch| EFDC Staff,50.5516198,4.7462339,CRO
BE-Maa,Maasmechelen,Marilyn Roland,50.9801111,5.6318611,CSH
BE-Vie,Vielsalm,Caroline Vincke,50.304962,5.998099,MF
BF-Bon,Bontioli,Ulrike Falk,10.865556,-3.072778,SAV
BF-Btd,Boudtenga,Ulrike Falk,12.46,-1.25,CRO
BG-Crp,Chirpan,Eram Artinyan,42.2149,25.2817,CRO
BG-Rzn,Rozhen,Eram Artinyan,41.6947,24.7387,ENF
BJ-Nan,Nangatchori,Laurent Kergoat,9.646983333,1.740883333,CRO
BW-GhG,Ghanzi Grass Site,Christopher Williams,-21.51,21.74,GRA
BW-GhM,Ghanzi Mixed Site,Christopher Williams,-21.2,21.75,SAV
BW-Ghz,Ghanzi/Okwa River Crossing,Almut Arneth,-22.40916667,21.71305556,OSH
BW-Gum,Guma,Carole Helfter,-18.96472222,22.37111111,WET
BW-Kvb,Kavimba,Peter Eliasson,-18.1076,24.637,SAV
BW-Ma1,Maun,Almut Arneth| Elmar Veenendaal,-19.9165,23.56033333,SAV
BW-Mkt,Maun - Kalahari Transect,Almut Arneth,-19.923,23.594,SAV
BW-Nxr,Nxaraga,Carole Helfter,-19.54805556,23.17916667,GRA
CA-Da1,Daring Lake,Elyn Humphreys,64.8689,-111.5748,OSH
CA-Da2,Daring Lake Fen,Elyn Humphreys,64.8648,-111.5748,WET
CD-Ygb,Yangambi,Pascal Boeckx,0.814473,24.502526,EBF
CG-Hin,Hinda,Yann Nouvellon,-4.68111111,12.0036111,EBF
CG-Kis,Kissoko,Yann Nouvellon,-4.791388889,11.98222222,EBF
CG-Tch,Tchizalamou,Blandine Caquet,-4.289166667,11.65641667,SAV
CH-Aws,Alp Weissenstein,Nina Buchmann,46.583194,9.790417,GRA
CH-BaA,Basel Aeschenplatz,Christian Feigenwinter,47.55123,7.5956,URB
CH-BaK,Basel Klingelbergstrasse,Christian Feigenwinter,47.56173,7.58049,URB
CH-Cha,Chamau,Nina Buchmann| EFDC Staff,47.21022222,8.410444444,GRA
CH-Dav,Davos,Nina Buchmann| EFDC Staff,46.81533,9.85591,ENF
CH-Dsc,Dischma,Lutz Merbold,46.7896991,9.864438203,GRA
CH-Frk,Furka,Georg Wohlfahrt,46.577752,8.421466,GRA
CH-Fru,Früebüel ,Nina Buchmann| EFDC Staff,47.11583333,8.537777778,GRA
CH-Lae,Laegern,Nina Buchmann,47.478333,8.364389,MF
CH-Oe1,Oensingen grassland,Ammann Christoph ,47.28583333,7.731944444,GRA
CH-Oe2,Oensingen crop,Nina Buchmann,47.286417,7.73375,CRO
CH-Rtb,Rietholzbach,Sonia I. Seneviratne,47.38045,8.99348,GRA
CH-See,Seebodenalp,Werner Eugster,47.0567,8.4644,GRA
CR-AqC,Aquiares Coffee-Flux,Olivier Roupsard,9.93833,-83.72861,EBF
CZ-BK1,Bily Kriz forest,Ladislav Sigut,49.50207615,18.53688247,ENF
CZ-BK2,Bily Kriz grassland,Marian Pavelka,49.49443,18.54285,GRA
CZ-KrP,Kresin u Pacova,Manuel Acosta,49.573257,15.078773,CRO
CZ-Lnz,Lanzhot,Natalia Kowalska,48.681611,16.946416,MF
CZ-RAJ,Rajec,Ladislav Sigut,49.4437236,16.6965125,ENF
CZ-Stn,Stitna,Ladislav Sigut,49.035975,17.9699,DBF
CZ-wet,Trebon (CZECHWET),Jiri Dusek,49.02465,14.77035,WET
DE-Akm,Anklam,Christian Bernhofer,53.86617,13.68342,WET
DE-Bay,Bayreuth,Christoph K Thomas,50.14194,11.86694,ENF
DE-Bou,Bourtanger Moor,Christian Brümmer,52.655284,7.183765,WET
DE-Brs,Braunschweig,Mathias Herbst,52.29663,10.44871,CRO
DE-Dgw,Dagowsee,Torsten Sachs,53.1514092,13.0542746,WAT
DE-Fen,Fendt,Rainer Steinbrecher| Hans Peter Schmid ,47.83287,11.06068,GRA
DE-Geb,Gebesee,Christian Brümmer,51.09973,10.91463,CRO
DE-Gri,Grillenburg,Christian Bernhofer,50.95004,13.51259,GRA
DE-GsB,Grosses Bruch,Corinna Rebmann ,52.029647,11.10478,GRA
DE-Gwg,Graswang,Hans Peter Schmid,47.57083,11.03261,GRA
DE-Hai,Hainich,Olaf Kolle| Alexander Knohl,51.079213,10.452168,DBF
DE-Har,Hartheim,Andreas Christen,47.93391,7.59814,ENF
DE-Hmm,Himmelmoor,Lars Kutzbach,53.739807,9.848723,WET
DE-HoH,Hohes Holz,Corinna Rebmann ,52.085306,11.219222,DBF
DE-Hte,Huetelmoor,Gerald Jurasinski,54.210278,12.176111,WET
DE-Hzd,Hetzdorf,Christian Bernhofer,50.96381,13.48978,DBF
DE-Kan,Kannenbruch,Werner Kutsch,53.784328,10.604899,DBF
DE-Kie,Kienhorst,Alexander Russ,52.97343,13.64393,ENF
DE-Kli,Klingenberg,Christian Bernhofer,50.89306,13.52238,CRO
DE-Lkb,Lackenberg,Rainer Steinbrecher,49.09961667,13.30466667,ENF
DE-Lnf,Leinefelde,Alexander Knohl,51.3282167,10.3678,DBF
DE-Me2,Mehrstedt 2,Axel Don,51.275366,10.65555,GRA
DE-Meh,Mehrstedt,Axel Don,51.27530556,10.65547222,MF
DE-Msr,Mooseurach,Matthias Drösler,47.80911,11.45617,ENF
DE-Obe,Oberbärenburg,Christian Bernhofer,50.78666,13.72129,ENF
DE-Okd,Oberklenkendorf,Christian Brümmer,53.412597,9.092467,GRA
DE-RbW,Rottenbuch West,Rainer Steinbrecher,47.72991,10.96898,GRA
DE-RuR,Rollesbroich,Marius Schmidt,50.6219142,6.3041256,GRA
DE-RuS,Selhausen Juelich,Marius Schmidt| Alexander Graf,50.86590702,6.447144704,CRO
DE-RuW,Wustebach,Marius Schmidt,50.50490703,6.33101886,ENF
DE-Sch,Schönau,John Tenhunen,47.6,12.96666667,GRA
DE-Seh,Selhausen,Karl Schneider,50.8706233,6.44965306,CRO
DE-SfN,Schechenfilz Nord,Hans Peter Schmid,47.806389,11.3275,WET
DE-Sng,Solling,Alexander Knohl,51.75813,9.59333,ENF
DE-Spw,Spreewald,Christian Bernhofer,51.89225,14.03369,WET
DE-Tha,Tharandt,Christian Bernhofer,50.96256,13.56515,ENF
DE-UtM,Uchter Moor,Carsten Schaller,52.5083,8.825833,WET
DE-Wet,Wetzstein,Corinna Rebmann | Olaf Kolle,50.4535,11.45753333,ENF
DE-Zrk,Zarnekow,Torsten Sachs,53.875943,12.88901,WET
DK-Eng,Enghave,Kim Pilegaard,55.69052778,12.19175,GRA
DK-Fou,Foulum,Joergen Olesen,56.48419952,9.587220192,CRO
DK-Gds,Gludsted Plantage,Thomas Friborg,56.0737,9.3341,ENF
DK-Lva,Rimi,Kim Pilegaard,55.68330002,12.08329964,GRA
DK-MkA,Morke E-AR,Søren O. Petersen,56.38131,10.39461,CRO
DK-MkG,Morke E-PG,Søren O. Petersen,56.38178,10.40312,GRA
DK-MkR,Morke E-RG,Søren O. Petersen,56.38179,10.4006,CRO
DK-RCT,Risø Campus Tower,Andreas Ibrom,55.694101,12.088284,URB
DK-RCW,Risø Campus Willow ,Andreas Ibrom,55.680682,12.101398,DBF
DK-Ris,Risbyholm,Henrik Sogaard,55.53027778,12.09722222,CRO
DK-SkA,Skjern W-AR,Søren O. Petersen,55.93777,8.44656,CRO
DK-SkG,Skjern W-PG,Søren O. Petersen,55.94116,8.447355,GRA
DK-Skj,Skjern,Thomas Friborg,55.9127,8.4048,WET
DK-Sor,Soroe,Andreas Ibrom,55.4858694,11.6446444,DBF
DK-SVA,Store Vildmose N-AR,Søren O. Petersen,57.23313,9.84435,CRO
DK-SVG,Store Vildmose N-PG,Søren O. Petersen,57.22988,9.83291,GRA
DK-SVR,Store Vildmose N-RG,Søren O. Petersen,57.23312,9.84462,CRO
DK-Ulb,Ulborg,Kim Pilegaard,56.29102778,8.428027778,ENF
DK-Vng,Voulundgaard,Thomas Friborg,56.0374765,9.16070962,CRO
EE-Aar,Aardlapalu grassland,Ülo Mander,58.31305,26.74388,GRA
EE-Aga,Agali Forest Station,Kaido Soosaar,58.287472,27.283525,DBF
EE-Hi1,Hiiesoo abandoned peat extraction,Ülo Mander,59.3505,27.1008,BSV
EE-Hi2,Hiiesoo active peat extraction,Ülo Mander,59.3519,27.1016,BSV
EE-Jvs,Järvselja,Steffen M. Noe,58.274211,27.309952,MF
EE-Ka1,Kasesoo abandoned peat extraction,Ülo Mander,59.1411,27.6531,BSV
EE-Ka2,Kasesoo active peat extraction,Ülo Mander,59.1459,27.6636,BSV
EE-Ka3,Kasesoo bog,Ülo Mander,59.1417,27.6778,WET
EE-Ku1,Kuresoo bog wooded,Ülo Mander,58.4736,25.2125,WET
EE-Ku2,Kuresoo bog,Ülo Mander,58.4744,25.2008,WET
EE-Lv1,Lavassaare abandoned peat extraction,Ülo Mander,58.5727,24.3819,BSV
EE-Lv2,Lavassaare drained fen,Ülo Mander,58.5719,24.3908,GRA
EE-Lv3,Lavassaare grass cultivation,Ülo Mander,58.573,24.3858,WET
EE-Mam,Maima bog,Ülo Mander,58.5791,24.4266,WET
EE-Pdv,Pudivere grassland,Ülo Mander,59.0866,26.3744,GRA
EE-Ph1,Puhatu abandoned peat extraction,Ülo Mander,59.2658,27.6316,BSV
EE-Ph2,Puhatu active peat extraction,Ülo Mander,59.2659,27.6314,BSV
EE-Rok,Roka,Ülo Mander,58.245336,27.299731,DBF
EE-San,Sangla bog forest,Ülo Mander,58.32704,26.21819,DBF
EE-Vg1,Valgeraba bog forest,Ülo Mander,58.43507,25.23629,DBF
EE-Vg2,Valgeraba bog,Ülo Mander,58.43662,25.23675,WET
ES-Abr,Albuera,Mirco Migliavacca,38.701839,-6.785881,SAV
ES-Agu,Aguamarga,Francisco Domingo Poveda,36.940046,-2.033208,OSH
ES-Amo,Amoladeras,Francisco Domingo Poveda,36.833608,-2.252318,OSH
ES-AP1,Almodóvar del Pinar 1,Eva María Rubio Caballero,39.680985,-1.842411111,ENF
ES-AP2,Almodóvar del Pinar 2,Eva María Rubio Caballero,39.67726984,-1.84830946,ENF
ES-CMb,Cuenca Las Majadas burned,Francisco Ramón López Serrano,40.25830581,-1.968060873,ENF
ES-CMu,Cuenca Las Majadas unburned,Francisco Raón López Serrano,40.25206923,-1.964783374,ENF
ES-Cnd,Conde,Sergio Aranda-Barranco,37.914998,-3.227659,EBF
ES-CPa,Cortes de Pallas,Arnaud Carrara,39.22417,-0.90305,OSH
ES-Cst,Castellar,Maria Teresa Sebastià,42.305014,2.033568,GRA
ES-Dnn,Doñana,Ricardo Díaz-Delgado,36.995549,-6.513203,WSA
ES-EBn,El Bonillo,Eva María Rubio Caballero,38.93706599,-2.64402303,WSA
ES-ES1,El Saler (Valencia),Maria Jose Sanz| Arnaud Carrara,39.34597222,-0.318805555,ENF
ES-ES2,El Saler-Sueca (Valencia),Maria Jose Sanz| Arnaud Carrara,39.27555556,-0.315277778,CRO
ES-FcO,Finca Oran,José González Piqueras,38.823638,-1.85977,CRO
ES-FtD,FuenteDuque,Nestor Fernandez,36.99818,-6.434566,WET
ES-Gdn,Guadiana,Penelope Serrano,37.910917,-3.228444,EBF
ES-LBr,La Bertolina,Maria Teresa Sebastià,42.098889,1.661389,GRA
ES-LgS,Laguna Seca,Borja Ruiz Reverter,37.097936,-2.965833,OSH
ES-LJu,Llano de los Juanes,Penelope Serrano,36.926594,-2.752115,OSH
ES-LM1,Majadas del Tietar North,Mirco Migliavacca,39.94269,-5.778683,SAV
ES-LM2,Majadas del Tietar South,Mirco Migliavacca,39.934592,-5.775881,SAV
ES-LMa,Las Majadas del Tietar (Caceres),Arnaud Carrara,39.9415,-5.773361111,SAV
ES-Ln1,Lanjaron-Non intervention,Andrew Kowalski,36.972098,-3.473851,OSH
ES-Ln2,Lanjaron-Salvage logging,Borja Ruiz Reverter,36.969502,-3.475819,OSH
ES-LTs,Las Tiesas Experimental Farm,Juan Manuel Sánchez,39.042395,-2.089033,CRO
ES-MtN,MonteNegro,Nestor Fernandez,36.991805,-6.482628,CSH
ES-Pdu,Padul,Penelope Serrano,37.016975,-3.609228,WET
ES-PRt,Pla de Riart,Maria Teresa Sebastià,42.063333,1.513333,GRA
ES-QdM,Quintos de Mora,Jose Manuel Moreno,39.42690514,-4.117171204,CSH
ES-SCf,Santa Clotilde forest,Maria P. Gonzalez-Dugo,38.210142,-4.287495,SAV
ES-SCg,Santa Clotilde grassland,Maria P. Gonzalez-Dugo,38.210163,-4.289965,SAV
ES-Tol,Toledo,Jose Manuel Moreno,39.86004722,-4.030063889,MF
ES-TzM,Tarazona de la Mancha,Juan Manuel Sánchez,39.26597,-1.939726,CRO
ES-VDA,Vall d' Alinyà (Lleida),Arnaud Carrara,42.15218,1.4485,GRA
ES-Yst,Yeste,Francisco Ramón López Serrano,38.33893358,-2.350605236,ENF
ES-Zam,Zambrana,Silvia Cosin,42.9325,-2.853055556,CRO
FI-Alk,Alkkia,Tuomas Laurila,62.183367,22.784233,ENF
FI-Hy2,Hyytiala Clear Cut,Narasinha Shurpali,61.84385,24.30433333,BSV
FI-Hyy,Hyytiala,Timo Vesala| EFDC Staff| Ivan Mammarella,61.84741,24.29477,ENF
FI-Jo2,Jokioinen2,Kristiina Regina,60.89903,23.5128,CRO
FI-Jo3,Jokioinen3,Kristiina Regina,60.8988,23.5131,CRO
FI-Jok,Jokioinen,Tuomas Laurila Annalea Lohila,60.8986,23.51345,CRO
FI-Kaa,Kaamanen,Mika Aurela,69.14057,27.26985,WET
FI-Ken,Kenttarova,Tuomas Laurila| Mika Aurela,67.98723,24.24305,ENF
FI-Kmp,Kumpula,Leena Järvi,60.20288716,24.96104572,URB
FI-Kns,Kalevansuo,Tuomas Laurila,60.64683333,24.356167,ENF
FI-Kvr,Kuivajarvi,Anne Ojala,61.84662,24.2804,WAT
FI-Let,Lettosuo,Tuomas Laurila| Annalea Lohila,60.64183,23.95952,ENF
FI-Lom,Lompolojankka,Tuomas Laurila| Annalea Lohila,67.997239,24.209178,WET
FI-Qvd,Qvidja,Laura Heimsch,60.295242,22.391607,CRO
FI-Si2,Siikaneva-2 Bog,Eeva-Stiina Tuittila,61.8372,24.1967,WET
FI-Sii,Siikaneva,Eeva-Stiina Tuittila,61.83265,24.19285,WET
FI-Skj,Siikajoki,Eeva-Stiina Tuittila,64.7807,24.6515,WET
FI-Sod,Sodankyla,Tuomas Laurila| Mika Aurela| EFDC Staff,67.36238641,26.63859066,ENF
FI-Var,Varrio,Pasi Kolari,67.7549,29.61,ENF
FI-Ves,Vesijako,Kari Minkkinen,61.3716,25.1055,ENF
FR-Aur,Aurade,Eric Ceschia| Tiphaine Tallec,43.549653,1.106096,CRO
FR-Avi,Avignon,Albert Olioso,43.91608333,4.878055556,CRO
FR-Bil,Bilos,Denis Loustau,44.493672,-0.956082,ENF
FR-CLt,Col du Lautaret,Didier Voisin,45.04127,6.4106,GRA
FR-Cou,Couhins,Jean-Pierre Gaudillère,44.75555556,-0.555555556,CRO
FR-EM1,Estrées-Mons A27,Bruno Mary,49.8721083,3.02065,CRO
FR-EM2,Estrees-Mons A28,joel Leonard,49.8721083,3.02065,CRO
FR-FBn,Font-Blanche,Guillaume Simioni,43.24079,5.67865,MF
FR-Fgs,Fougères,Longdoz Bernard,48.38,-1.18,DBF
FR-Fon,Fontainebleau-Barbeau,Eric Dufrêne| EFDC Staff,48.476358,2.780096,DBF
FR-Gri,Grignon,Pierre Cellier| EFDC Staff| Benjamin Loubet,48.84422,1.95191,CRO
FR-Hes,Hesse,Matthias Cuntz,48.6741,7.06465,DBF
FR-Lam,Lamasquere,Aurore Brut,43.49648,1.23785,CRO
FR-LBr,Le Bray,Denis Loustau| EFDC Staff,44.71711,-0.7693,ENF
FR-LGt,La Guette,Sebastien Gogo,47.322917,2.284102,WET
FR-Lq1,Laqueuille intensive,Katja Klumpp,45.64305556,2.735833333,GRA
FR-Lq2,Laqueuille extensive,Katja Klumpp,45.63919444,2.737027778,GRA
FR-Lus,Lusignan,Francois Gastal,46.41425,0.12065,GRA
FR-Mau,Mauzac,Jean-Christophe Calvet,43.38527778,1.292222222,GRA
FR-Mej,Mejusseaume,Christophe Flechard,48.1183815,-1.796318293,GRA
FR-MsS,Montiers sur Saulx,Catherine Galy,48.53816,5.31187,DBF
FR-OnV,Osne-le-Val,Sébastien Conil,48.50846,5.213463,GRA
FR-Pue,Puechabon,Richard Joffre,43.7413,3.5957,EBF
FR-Tou,Toulouse,Jean-Christophe Calvet,43.572855,1.37474,GRA
GF-Cpg,Carpagg ,Vincent Blanfort,5.3531,-53.004,GRA
GF-Guy,Guyaflux (French Guiana),Damien Bonal,5.278771877,-52.92486191,EBF
GF-Nrg,Nouragues European Tropical Research Station,EFDC Staff| Jérôme Chave,4.0423,-52.67495,EBF
GH-Ank,Ankasa,Riccardo Valentini,5.26854275,-2.69420592,EBF
GL-Dsk,Disko,Thomas Friborg,69.2535,-53.514,SNO
GL-Kbf,Kobbefjord,Thomas Friborg,64.1382,-51.3784,GRA
GL-NuF,Nuuk Fen,Birger U Hansen,64.13083,-51.38611,WET
GL-ZaF,Zackenberg Fen,EFDC Staff| Marcin Antoni Jackowicz-Korczynski,74.48143,-20.55452,WET
GL-ZaH,Zackenberg Heath,Magnus Lund,74.47328,-20.5503,GRA
GR-HeK,Heraklion Kornarou,Nektarios Chrysoulakis,35.3361,25.1328,URB
GR-HeM,Heraklion Mastabas,Nektarios Chrysoulakis,35.3234,25.1302,URB
GR-Vcs,Vocals,Spyridon Rapsomanikis,40.889737,24.84893,GRA
HR-Jst,Jastrebarsko oak forest,Hrvoje Marjanovic ,45.6194,15.6877,DBF
HU-Bug,Bugac,Zoltan Nagy,46.69110107,19.60129929,GRA
HU-He1,Hegyhatsal,Zoltan BARCZA,46.955947,16.652025,CRO
HU-He2,Hegyhatsal tower 2,Zoltan Barcza,46.95515,16.652661,GRA
HU-Mat,Matra,Zoltan Nagy,47.84690094,19.72599983,GRA
HU-Spr,Sopron,Attila Eredics,47.6558725,16.4544737,DBF
IE-Ca1,Carlow crop,Bruce Osborne| Mike Jones,52.85879167,-6.918136111,CRO
IE-Ca2,Carlow  grassland,Mike Jones,52.86758,-6.91117,GRA
IE-CaC,Carlow Conventional Tillage,Bruce Osborne,52.85879167,-6.918136111,CRO
IE-CaN,Carlow No Tillage,Bruce Osborne,52.85879167,-6.918136111,CRO
IE-CLa,Co. Laois,Bruce Osborne| Matthew Saunders ,52.95,-7.25,ENF
IE-Cra,Clara,Matthew Saunders ,53.3229786,-7.641769886,WET
IE-Dgm,Donoughmore,Gerard Kiely,51.986179,-8.753931,DBF
IE-Dri,Dripsey,Gerard Kiely,51.9866944,-8.75180556,GRA
IE-Gwr,Gowran,Gari Lanigan| Macdara O'Neill,52.6365,-7.011306,CRO
IE-Kil,Killorglin - Glencar ,Gerard Kiely,51.96836111,-9.900305556,WET
IE-Wex,Wexford,Gerard Kiely,52.29819444,-6.499777777,GRA
IL-Yat,Yatir,Dan Yakir,31.34504459,35.05198851,ENF
IN-CRR,Central Rice Research Institute (CRRI),Tapan Kumar Adhya| Pratap Bhattacharyya,20.45188333,85.94026667,CRO
IS-Gun,Gunnarsholt,,63.83330154,-20.2166996,DBF
IT-Amp,Amplero,Dario Papale,41.90409927,13.60515669,GRA
IT-BCi,Borgo Cioffi,Vincenzo Magliulo| EFDC Staff,40.52375,14.95744444,CRO
IT-Be1,Beano1,Alessandro Peressotti,46.00361,13.02556,CRO
IT-Be2,Beano2,Alessandro Peressotti,46.00431,13.02776,CRO
IT-BFt,Bosco Fontana,Giacomo Gerosa,45.197835,10.742019,DBF
IT-Bon,Bonis,Giuseppe Scarascia Mugnozza| Giorgio Matteucci,39.47777778,16.53472222,ENF
IT-BsB,Bussoleno Bosco,Mesmer N'sassila,45.11835,7.16198,DBF
IT-Bsn,Bussoleno,Mesmer N'sassila,45.119313,7.16049,GRA
IT-CA1,Castel d'Asso1,Dario Papale,42.38041111,12.02656111,DBF
IT-CA2,Castel d'Asso2,Dario Papale| Beniamino Gioli,42.37721944,12.02603889,CRO
IT-CA3,Castel d'Asso 3,Giorgio Matteucci| Dario Papale,42.38,12.0222,DBF
IT-Cas,Castellaro,Ignacio Goded| Giovanni Manca,45.07004722,8.717522222,CRO
IT-CdD,Casalina di Deruta,Alessandra Vinci,42.950231,12.381827,CRO
IT-Cng,Cantaglia,Alessandra Lagomarsino,44.71,11.53,CRO
IT-Col,Collelongo,Giorgio Matteucci,41.84936,13.58814,DBF
IT-Cp2,Castelporziano2,Silvano Fares ,41.70426559,12.35729313,EBF
IT-Cpz,Castelporziano,Dario Papale,41.7052493,12.3761058,EBF
IT-Ctv,Castelvetrano,Marianna Nardino,37.64416,12.84638,CRO
IT-Gln,Giugliano,Paul di Tommasi,40.94711666,14.11708888,URB
IT-Isp,Ispra ABC-IS,Ignacio Goded| Giovanni Manca,45.812643,8.633579,DBF
IT-La2,Lavarone2,Alessandro Cescatti,45.9542,11.2853,ENF
IT-Lav,Lavarone,Damiano Gianelle,45.9562,11.28132,ENF
IT-Lec,Lecceto,Lorenzo Genesio,43.30359,11.26975,EBF
IT-LMa,La Mandria,Fabio Petrella,45.15258,7.58259,DBF
IT-Lsn,Lison,Andrea Pitacco,45.740481,12.750297,OSH
IT-Mal,Malga Arpaco,Carlo Calfapietra,46.11402,11.70334,GRA
IT-MBo,Monte Bondone,Damiano Gianelle,46.014678,11.045831,GRA
IT-MPn,Monte Pino ,Nazzareno Diodato,41.1073,14.7416,CRO
IT-Mrs,Marsciano,Alessandra Vinci,42.927225,12.3651,CRO
IT-MsN,Masseria Nola,Alfonso Senatore,39.71472,16.27806,DBF
IT-MtM,Muntatschinig Meadow,Georg Wohlfahrt,46.687021,10.579757,GRA
IT-MtP,Muntatschinig Pasture,Georg Wohlfahrt,46.684285,10.585237,GRA
IT-Neg,Negrisia - Ponte di Piave,Andrea Pitacco,45.74756389,12.44673056,CRO
IT-Niv,Nivolet,Antonello Provenzale,45.49091,7.13943,GRA
IT-Noe,Arca di Noe - Le Prigionette,Donatella Spano| Pierpaolo Duce,40.606176,8.151694,CSH
IT-Non,Nonantola,Franco Miglietta,44.69019,11.09109,MF
IT-OVr,Osservatorio Valerio,Carolina Vagnoli,43.912014,12.904041,URB
IT-OXm,Osservatorio Ximeniano,Beniamino Gioli,43.77446388,11.25524166,URB
IT-PCm,Parco Urbano di Capodimonte,Carlo Calfapietra,40.8741,14.2504,EBF
IT-Pia,Pianosa,Vaccari Francesco Primo,42.5838694,10.0784,OSH
IT-PT1,Parco Ticino forest,Ignacio Goded| Giovanni Manca,45.20087222,9.061038889,DBF
IT-Ren,Renon,Stefano Minerbi| Leonardo Montagnani,46.58686,11.43369,ENF
IT-Ro1,Roccarespampani 1,Dario Papale,42.40812,11.93001,DBF
IT-Ro2,Roccarespampani 2,Dario Papale,42.39026,11.92093,DBF
IT-Ro3,Roccarespampani3,Dario Papale,42.37539,11.91542,CRO
IT-Ro4,Roccarespampani4,Dario Papale,42.37333,11.91922,CRO
IT-Rut,Rutigliano,Rossana M. Ferrara,40.993753,17.03274,CRO
IT-Sas,Sassari,Donatella Spano,40.716957,8.575956,URB
IT-SMc,San Marcellino,Daniela Famulari,40.84725555,14.25781666,URB
IT-SPC,San Pietro Capofiume,Giovanni Bonafe,44.653869,11.62277,GRA
IT-SR2,San Rossore 2,Nicola Arriga,43.732022,10.29091,ENF
IT-SRo,San Rossore,Ignacio Goded| Giovanni Manca,43.72786111,10.28444444,ENF
IT-Ter,Terranova,Donatella Spano,40.70377778,9.398166667,MF
IT-To1,Tolfa wet,Dario Papale,42.18967363,11.92155414,EBF
IT-To2,Tolfa dry,Dario Papale,42.18967363,11.92155414,EBF
IT-Tol,Tolfa,Dario Papale,42.18967,11.92155,EBF
IT-Tor,Torgnon,Edoardo Cremonese,45.84444,7.578055,GRA
IT-TrF,Torgnon-LD,Marta Galvagno,45.82376,7.56089,DNF
IT-VdA,Valle dell'Adige,Damiano Gianelle,46.19678,11.11354,CRO
IT-Vig,Vigevano,Ignacio Goded| Giovanni Manca,45.29591,8.87554,DBF
ML-AgG,Agoufou G,Laurent Kergoat| Franck Timouk,15.34322,-1.48067,GRA
ML-AgS,Agoufou S,Laurent Kergoat,15.49961667,1.390083333,
ML-Bam,Bamba,Laurent Kergoat,17.09838,1.4011655,
ML-Kem,Kelma,Laurent Kergoat| Franck Timouk,15.2237,-1.5662,DBF
NE-WaD,Wankama Degraded Fallow,Bernard Cappelaere,13.6463167,2.64301667,CRO
NE-WaF,Wankama Fallow,Bernard Cappelaere,13.64758138,2.63368891,CRO
NE-WaM,Wankama Millet,Bernard Cappelaere,13.644017,2.62984816,CRO
NL-Amd,Amsterdam,Gert-Jan Steeneveld,52.3665,4.8929,URB
NL-Ca1,Cabauw,Eddy Moors,51.971,4.927,GRA
NL-Dij,Dijkgraaf,Eddy Moors,51.99206111,5.645944444,CRO
NL-Haa,Haastrecht,Eddy Moors,52.0036111,4.80555556,GRA
NL-Hor,Horstermeer,Ype van der Velde - Geert Hensgens,52.24035,5.071301,GRA
NL-Lan,Langerak,Eddy Moors,51.95360184,4.902900219,CRO
NL-Lel,Lelystad,Arjan Hensen,52.52423818,5.551615935,GRA
NL-Loo,Loobos,Bart Kruijt,52.166581,5.743556,ENF
NL-Lut,Lutjewad,Eddy Moors,53.39892222,6.356027778,CRO
NL-Mol,Molenweg,Eddy Moors,51.65,4.63908333,CRO
NL-Re1,Reeuwijk 1,Elmar Veenendaal,51.9,4.5,GRA
NL-Re2,Reeuwijk 2,Elmar Veenendaal,51.9,4.5,GRA
NL-Vre,Vredepeel,Eddy Moors,51.53166667,5.844111111,CRO
NL-Waa,Oostwaard,Eddy Moors,52.83159444,4.909122222,CRO
NL-Wgn,Wageningen,Reinder Ronda,51.981,5.619,GRA
NL-Zee,Zeewolde,Eddy Moors,52.33480278,5.372588889,CRO
NO-And,Andøya,Daniel P. Rasse,69.14278,16.02222,WET
NO-Fns,Finse,Lena Tallaksen,60.594,7.527,OSH
NO-Hur,Hurdal,Holger Lange,60.372386,11.078142,
PA-SPn,Sardinilla Plantation,Nina Buchmann| Sebastian Wolf,9.318139833,-79.6346,DBF
PA-SPs,Sardinilla-Pasture,Nina Buchmann| Sebastian Wolf,9.313779833,-79.63142983,GRA
PH-RIf,Philippines Rice Institute flooded,Ma. Carmelita Alberto,14.14119,121.26526,CRO
PH-RIn,Philippines Rice Institute not-flooded,Ma. Carmelita Alberto,14.14503,121.26094,CRO
PL-Ans,Annoslaw,Wlodzimierz Pawlak,51.750319,20.41762,CRO
PL-Bdg,Bydgoszcz,Tymoteusz Bolewski,53,17.96,GRA
PL-Brd,Brody,Radoslaw Juszczak,52.434181,16.299523,CRO
PL-Kpt,Kopytkowo,Krzysztof Fortuniak,53.591854,22.892385,WET
PL-Krk,Krakow,Miroslaw Zimnoch,50.067021,19.912977,URB
PL-Lz1,Lodz1,Wlodzimierz Pawlak,51.762514,19.445326,URB
PL-Lz2,Lodz2,Wlodzimierz Pawlak,51.773307,19.480993,URB
PL-Lz3,Lodz3,Wlodzimierz Pawlak,51.800143,19.411944,URB
PL-Pol,Polana,Mindáš Jozef,48.63333333,19.53333333,
PL-Tcz,Tuczno,Marek Urbaniak,53.19295,16.09748333,ENF
PL-wet,Rzecin (PolWet),Bogdan H. Chojnicki,52.7623,16.3095,WET
PL-Wlw,Wieclawice,Tymoteusz Bolewski,52.84,18.31,CRO
PT-Cor,Coruche,Filipe Costa e Silva,39.13841389,-8.33268889,EBF
PT-Esp,Espirra,Gabriel Pita,38.63940048,-8.601799965,EBF
PT-Mi1,Mitra II (Evora),Joao Santos Pereira,38.54063889,-8.000055556,EBF
PT-Mi2,Mitra IV (Tojal),Casimiro Pio,38.47650146,-8.024550438,GRA
RU-Ch2,Cherski reference,Mathias Goeckede,68.61689,161.35089,WET
RU-Che,Cherski,Lutz Merbold| Mathias Goeckede,68.61304,161.34143,WET
RU-Cok,Chokurdakh,Ype van der Velde - Geert Hensgens,70.82913889,147.4942778,OSH
RU-Fy2,Fyodorovskoye dry spruce stand,Andrej Varlagin,56.447603,32.901878,ENF
RU-Fy3,Fyodorovskoye Clear-cut,Vadim Mamkin,56.4435,33.0478,ENF
RU-Fy4,Fyodorovskoye bog,Julia Kurbatova,56.4727,33.0413,WET
RU-Fyo,Fyodorovskoye,Andrej Varlagin,56.4615278,32.9220833,ENF
RU-Ha1,Hakasia steppe,Dario Papale| Luca Belelli,54.72517,90.00215,GRA
RU-Ha2,Hakasia 5yr,Dario Papale| Luca Belelli,54.77301,89.95664,GRA
RU-Ha3,Hakasia 10 yr,Dario Papale| Luca Belelli,54.70455,90.07785,GRA
RU-Krg,Kurungnakh,Torsten Sachs,72.298333,126.173333,WAT
RU-KsC,Kaskara Crop,Elisa Fleischer,57.25146,65.96931,CRO
RU-KsG,Kaskara Grass,Elisa Fleischer,57.2528,65.99321,GRA
RU-Ndm,Nadym,Goncharova Olga,65.185,72.525,GRA
RU-Sam,Samoylov,Lars Kutzbach,72.3738,126.4958,GRA
RU-SkP,Yakutsk Spasskaya Pad larch,Trofim Maximov,62.255,129.168,DNF
RU-Tks,Tiksi,Mika Aurela,71.594267,128.887817,GRA
RU-UPo,Ust Pojeg,Lars Kutzbach Martin Wilmking,61.93412778,50.22690278,ENF
RU-Uts,Uteshevo,Elisa Fleischer,57.154907,65.343002,GRA
RU-Vrk,Seida/Vorkuta,Thomas Friborg| Christina Biasi,67.05467987,62.94046783,CSH
RU-Ypn,Yakutsk Pine,Martin Heimann,62.2414,129.6506,DNF
RU-Zbo,Zotino Bog,Martin Heimann,60.75,89.3833,ENF
RU-Zfw,Zotino forest West,Martin Heimann,60.75,89.3833,ENF
RU-Zot,Zotino,Corinna Rebmann ,60.80080032,89.35079956,WSA
SD-Dem,Demokeya,Jonas Ardo| Eltahir Bashir,13.2829,30.4783,SAV
SE-Asa,Asa,Leif Klemedtsson,57.17226111,14.8001,ENF
SE-Deg,Degero,Mats Nilsson,64.182029,19.556539,WET
SE-Ers,Erssjön,Per Weslien,58.37112,12.16125,WAT
SE-Faj,Fäjemyr,Magnus Lund,56.26546944,13.55351389,WET
SE-Fla,Flakaliden,Anders Lindroth,64.11277777,19.45694444,ENF
SE-Fos,Följesjön,Per Weslien,58.37577,12.15399,WET
SE-Htm,Hyltemossa,Michal Heliasz,56.09763,13.41897,ENF
SE-Kno,Knottåsen,Anders Lindroth,60.99825,16.21727778,ENF
SE-Lnn,Lanna,Leif Klemedtsson| Per Weslien,58.34062958,13.10176754,CRO
SE-Myc,Mycklemossen,Per Weslien,58.365,12.16937,WET
SE-Nor,Norunda,Anders Lindroth| Meelis Mölder,60.08649722,17.47950278,ENF
SE-Oes,Oestergarnsholm,Anna Rutgersson,57.4301,18.98415,WAT
SE-Ros,Rosinedal-3,Matthias Peichl,64.1725,19.738,ENF
SE-Sgr,Skogaryd,Per Weslien,58.363853,12.14973,ENF
SE-Sk1,Skyttorp 1,Achim Grelle,60.125,17.91805556,ENF
SE-Sk2,Skyttorp 2,Anders Lindroth,60.12966667,17.84005556,ENF
SE-St1,Stordalen grassland,Joachim Jansen| Thomas Friborg,68.3541488,19.050333,WET
SE-St2,Stordalen forest,Anders Lindroth,68.35424444,19.04714444,DBF
SE-Sto,Stordalen Palsa Bog (ICOS),Thomas Friborg,68.35600281,19.04520988,WET
SE-Svb,Svartberget,Matthias Peichl,64.25611,19.7745,ENF
SG-TKr,Telok Kurau,Matthias Roth,1.314294,103.911197,URB
SJ-Adv,Adventdalen,Torben Christensen,78.186,15.923,WET
SJ-Blv,Bayelva, Spitsbergen,Julia Boike,78.92163086,11.83108521
SK-Ta1,Tatra Jamy,Dario Papale,49.15833333,20.26111111,ENF
SK-Ta2,Tatra Vysne Hagy,Dario Papale,49.12638889,20.10777778,ENF
SK-Tat,Tatra Danielov Dom,Dario Papale,49.1207778,20.1635,ENF
SN-Dhr,Dahra,Torbern Tagesson,15.40278,-15.43222,SAV
SN-Nkr,Niakhar,Olivier Roupsard,14.49581,-16.45357,CRO
UA-Pet,Petrodolinskoe,Medinets Volodymyr,46.45614,30.33609,CRO
UG-Jin,Jinja,Matthew Saunders ,0.4,33.18333333,WET
UK-AMo,Auchencorth Moss,Eiko Nemitz,55.7925,-3.24362,WET
UK-BBB,Bishop's Burton Bioenergy,Ross Morrison,53.86104,-0.4909216,CRO
UK-BBC,Bishop's Burton Cropland,Ross Morrison,53.86088,-0.4865083,CRO
UK-BmE,Balmoral Estate,Rebekka Artz,56.93,-3.16,WET
UK-BnB,Ballynahone Bog,Ross Morrison,54.82326,-6.669835,WET
UK-EBu,Easter Bush,Marc Sutton,55.866,-3.205777778,GRA
UK-ESa,East Saltoun,John Moncrieff,55.9069444,-2.85861111,CRO
UK-GaB,Garry Bog,Ross Morrison,55.10994,-6.529928,WET
UK-Gnn,Glenullin,Ross Morrison,54.96185,-6.760763,WET
UK-Gri,Griffin,John Moncrieff,56.6072222,-3.79805556,ENF
UK-Gwr,Glenwherry,Ross Morrison,54.85464,-5.988278,WET
UK-Ham,Hampshire,Matthew Wilkinson,51.153533,-0.8583,DBF
UK-Har,Harwood,John Grace,55.21272222,-2.037527777,ENF
UK-Her,Hertfordshire,Keith Goulding,51.78379822,-0.47608,CRO
UK-LBT,London_BT,Carole Helfter,51.5215,-0.1389,URB
UK-Myg,Myerscough,Ross Morrison,53.854618,-2.779574,GRA
UK-PL1,Pang/Lambourne crop,Richard Harding,51.53329849,-1.483330011,CRO
UK-PL2,Pang/Lambourne grassland,Richard Harding,51.43330002,-1.233330011,GRA
UK-PL3,Pang/Lambourne forest,Richard Harding,51.45,-1.266666667,DBF
UK-Png,Penglais_EC1,Jon McCalmont,52.422332,-4.068402,CRO
UK-Pob,Pollybell,Ross Morrison,53.430831,-0.922198,CRO
UK-Rsh,Riseholme,Ross Morrison,53.25981,-0.5257917,CRO
UK-Stm,Stretham,Ross Morrison,52.331415,0.224473,CRO
UK-Tad,Tadham Moor,Richard Harding,51.20709991,-2.828639984,GRA
ZA-Kru,Skukuza,Azwitamisi Mudau,-25.0197,31.4969,SAV
ZA-Map,Malopeni,Azwitamisi Mudau,-23.83254,31.21436,SAV
ZA-Wgn,Welgegund,Lauri Laakso,-26.56944444,26.93916667,GRA
ZM-Mon,Mongu,Werner Kutsch,-15.4391,23.2525,DBF
